2025-03-11 22:07:11.12200707 +0100 CET,ComputerDatabaseSimulation," "
2025-03-11 22:07:12.265480975 +0100 CET,Admins,START
2025-03-11 22:07:12.265815755 +0100 CET,Users,START
2025-03-11 22:07:12.571605488 +0100 CET,Home,,OK,335,
2025-03-11 22:07:12.599755229 +0100 CET,Home,,OK,363,
2025-03-11 22:07:12.686975155 +0100 CET,Home_Redirect_1,,OK,103,
2025-03-11 22:07:12.717890774 +0100 CET,Home_Redirect_1,,OK,117,
2025-03-11 22:07:13.209445326 +0100 CET,Users,START
2025-03-11 22:07:13.515768665 +0100 CET,Home,,OK,307,
2025-03-11 22:07:13.623346713 +0100 CET,Home_Redirect_1,,OK,107,
2025-03-11 22:07:13.8492652 +0100 CET,Search,,OK,113,
2025-03-11 22:07:13.815364074 +0100 CET,Search,,OK,101,
2025-03-11 22:07:14.214882596 +0100 CET,Users,START
2025-03-11 22:07:14.52193263 +0100 CET,Home,,OK,309,
2025-03-11 22:07:14.631663197 +0100 CET,Home_Redirect_1,,OK,110,
2025-03-11 22:07:14.729696283 +0100 CET,Search,,OK,101,
2025-03-11 22:07:15.024841528 +0100 CET,Select,,OK,104,
2025-03-11 22:07:15.0351467 +0100 CET,Select,,OK,115,
2025-03-11 22:07:15.201144432 +0100 CET,Users,START
2025-03-11 22:07:15.555074422 +0100 CET,Home,,OK,355,
2025-03-11 22:07:15.67608 +0100 CET,Home_Redirect_1,,OK,121,
2025-03-11 22:07:15.75371586 +0100 CET,Search,,OK,103,
2025-03-11 22:07:15.846130902 +0100 CET,Select,,OK,105,
2025-03-11 22:07:16.139733405 +0100 CET,Page_0,,OK,104,
2025-03-11 22:07:16.16526047 +0100 CET,Page_0,,OK,117,
2025-03-11 22:07:16.208239511 +0100 CET,Users,START
2025-03-11 22:07:16.508076603 +0100 CET,Home,,OK,302,
2025-03-11 22:07:16.618065918 +0100 CET,Home_Redirect_1,,OK,108,
2025-03-11 22:07:16.802651218 +0100 CET,Search,,OK,120,
2025-03-11 22:07:16.863667788 +0100 CET,Select,,OK,103,
2025-03-11 22:07:16.957559367 +0100 CET,Page_0,,OK,105,
2025-03-11 22:07:17.196177582 +0100 CET,Admins,START
2025-03-11 22:07:17.196009699 +0100 CET,Users,START
2025-03-11 22:07:17.25046026 +0100 CET,Page_1,,OK,101,
2025-03-11 22:07:17.292212461 +0100 CET,Page_1,,OK,113,
2025-03-11 22:07:17.49177852 +0100 CET,Home,,OK,296,
2025-03-11 22:07:17.491087539 +0100 CET,Home,,OK,296,
2025-03-11 22:07:17.605544448 +0100 CET,Home_Redirect_1,,OK,113,
2025-03-11 22:07:17.605998221 +0100 CET,Home_Redirect_1,,OK,113,
2025-03-11 22:07:17.727809717 +0100 CET,Search,,OK,96,
2025-03-11 22:07:17.939110016 +0100 CET,Select,,OK,125,
2025-03-11 22:07:17.984947564 +0100 CET,Page_0,,OK,106,
2025-03-11 22:07:18.074285723 +0100 CET,Page_1,,OK,102,
2025-03-11 22:07:18.20693784 +0100 CET,Users,START
2025-03-11 22:07:18.364167887 +0100 CET,Page_2,,OK,98,
2025-03-11 22:07:18.406043396 +0100 CET,Page_2,,OK,109,
2025-03-11 22:07:18.492115162 +0100 CET,Home,,OK,288,
2025-03-11 22:07:18.593555206 +0100 CET,Home_Redirect_1,,OK,100,
2025-03-11 22:07:18.721674217 +0100 CET,Search,,OK,99,
2025-03-11 22:07:18.724600837 +0100 CET,Search,,OK,102,
2025-03-11 22:07:18.828491873 +0100 CET,Select,,OK,98,
2025-03-11 22:07:19.066394941 +0100 CET,Page_0,,OK,119,
2025-03-11 22:07:19.092352565 +0100 CET,Page_1,,OK,98,
2025-03-11 22:07:19.189767516 +0100 CET,Page_2,,OK,102,
2025-03-11 22:07:19.19741031 +0100 CET,Users,START
2025-03-11 22:07:19.465569932 +0100 CET,Page_3,,OK,98,
2025-03-11 22:07:19.504609299 +0100 CET,Home,,OK,308,
2025-03-11 22:07:19.521639057 +0100 CET,Page_3,,OK,109,
2025-03-11 22:07:19.60770648 +0100 CET,Home_Redirect_1,,OK,103,
2025-03-11 22:07:19.697960304 +0100 CET,Search,,OK,99,
2025-03-11 22:07:19.835297885 +0100 CET,Select,,OK,98,
2025-03-11 22:07:19.835025188 +0100 CET,Select,,OK,99,
2025-03-11 22:07:19.940205617 +0100 CET,Page_0,,OK,96,
2025-03-11 22:07:20.194573844 +0100 CET,Page_1,,OK,120,
2025-03-11 22:07:20.200352734 +0100 CET,Users,START
2025-03-11 22:07:20.209904429 +0100 CET,Page_2,,OK,103,
2025-03-11 22:07:20.300696979 +0100 CET,Page_3,,OK,102,
2025-03-11 22:07:20.510870782 +0100 CET,Home,,OK,311,
2025-03-11 22:07:20.527133479 +0100 CET,Users,END
2025-03-11 22:07:20.575683877 +0100 CET,Form,,OK,97,
2025-03-11 22:07:20.613069773 +0100 CET,Home_Redirect_1,,OK,102,
2025-03-11 22:07:20.71779648 +0100 CET,Search,,OK,101,
2025-03-11 22:07:20.805258592 +0100 CET,Select,,OK,97,
2025-03-11 22:07:20.945165493 +0100 CET,Page_0,,OK,98,
2025-03-11 22:07:20.945013656 +0100 CET,Page_0,,OK,98,
2025-03-11 22:07:21.053486414 +0100 CET,Page_1,,OK,97,
2025-03-11 22:07:21.208652366 +0100 CET,Users,START
2025-03-11 22:07:21.314342371 +0100 CET,Users,END
2025-03-11 22:07:21.317688572 +0100 CET,Page_3,,OK,96,
2025-03-11 22:07:21.32409411 +0100 CET,Page_2,,OK,119,
2025-03-11 22:07:21.496962577 +0100 CET,Home,,OK,290,
2025-03-11 22:07:21.59680047 +0100 CET,Home_Redirect_1,,OK,99,
2025-03-11 22:07:21.695478232 +0100 CET,Post,,OK,98,
2025-03-11 22:07:21.725816722 +0100 CET,Search,,OK,102,
2025-03-11 22:07:21.801786324 +0100 CET,Post_Redirect_1,,KO,96,"status.find.is(201), but actually found 200"
2025-03-11 22:07:21.839432698 +0100 CET,Select,,OK,108,
2025-03-11 22:07:21.903220938 +0100 CET,Form,,OK,95,
2025-03-11 22:07:21.905094444 +0100 CET,Page_0,,OK,97,
2025-03-11 22:07:22.047399884 +0100 CET,Page_1,,OK,98,
2025-03-11 22:07:22.047058896 +0100 CET,Page_1,,OK,99,
2025-03-11 22:07:22.153366595 +0100 CET,Page_2,,OK,97,
2025-03-11 22:07:22.331341546 +0100 CET,Users,END
2025-03-11 22:07:22.448806081 +0100 CET,Page_3,,OK,117,
2025-03-11 22:07:22.706625825 +0100 CET,Search,,OK,97,
2025-03-11 22:07:22.836764758 +0100 CET,Select,,OK,105,
2025-03-11 22:07:22.951644048 +0100 CET,Page_0,,OK,98,
2025-03-11 22:07:23.009400372 +0100 CET,Post,,OK,94,
2025-03-11 22:07:23.011118964 +0100 CET,Page_1,,OK,95,
2025-03-11 22:07:23.107503683 +0100 CET,Post_Redirect_1,,KO,97,"status.find.is(201), but actually found 200"
2025-03-11 22:07:23.111958057 +0100 CET,Admins,END
2025-03-11 22:07:23.153900657 +0100 CET,Page_2,,OK,97,
2025-03-11 22:07:23.153275516 +0100 CET,Page_2,,OK,97,
2025-03-11 22:07:23.260797729 +0100 CET,Page_3,,OK,97,
2025-03-11 22:07:23.459578683 +0100 CET,Users,END
2025-03-11 22:07:23.821533227 +0100 CET,Select,,OK,100,
2025-03-11 22:07:23.94639904 +0100 CET,Page_0,,OK,100,
2025-03-11 22:07:24.053762138 +0100 CET,Page_1,,OK,99,
2025-03-11 22:07:24.115404599 +0100 CET,Page_2,,OK,98,
2025-03-11 22:07:24.267761414 +0100 CET,Page_3,,OK,110,
2025-03-11 22:07:24.267989748 +0100 CET,Page_3,,OK,110,
2025-03-11 22:07:24.267902508 +0100 CET,Users,END
2025-03-11 22:07:24.934328802 +0100 CET,Page_0,,OK,97,
2025-03-11 22:07:25.055304925 +0100 CET,Page_1,,OK,96,
2025-03-11 22:07:25.168836216 +0100 CET,Page_2,,OK,98,
2025-03-11 22:07:25.216064265 +0100 CET,Page_3,,OK,98,
2025-03-11 22:07:25.273989503 +0100 CET,Users,END
2025-03-11 22:07:25.367692587 +0100 CET,Form,,OK,95,
2025-03-11 22:07:26.035332618 +0100 CET,Page_1,,OK,99,
2025-03-11 22:07:26.158695647 +0100 CET,Page_2,,OK,96,
2025-03-11 22:07:26.23406708 +0100 CET,Users,END
2025-03-11 22:07:26.270028213 +0100 CET,Page_3,,OK,98,
2025-03-11 22:07:26.470788949 +0100 CET,Post,,OK,97,
2025-03-11 22:07:26.569343937 +0100 CET,Post_Redirect_1,,OK,98,
2025-03-11 22:07:26.570756633 +0100 CET,Admins,END
2025-03-11 22:07:27.137389113 +0100 CET,Page_2,,OK,96,
2025-03-11 22:07:27.260420516 +0100 CET,Page_3,,OK,96,
2025-03-11 22:07:27.273241254 +0100 CET,Users,END
2025-03-11 22:07:28.250625293 +0100 CET,Page_3,,OK,96,
2025-03-11 22:07:28.277334409 +0100 CET,Users,END
2025-03-11 22:07:29.254615749 +0100 CET,Users,END
